.id	ID	sequencedescription	database	citation	taxonomicidentification	similarity	specimen_url	specimen_country	specimen_lat	specimen_lon	phylum_id	phylum	class_id	class	order_id	order	family_id	family	subfamily_id	subfamily	genus_id	genus	species_id	species	tribe_id	tribe
DRYAS10171_15	DRYAS10171-15	COI-5P	BOLD: Public Records	BOLD Systems, 2018	Limnophyes	1	http://www.boldsystems.org/index.php/Public_RecordView?processid=DRYAS10171-15	Greenland	74.4667	-20.5667	20	Arthropoda	82	Insecta	127	Diptera	1882	Chironomidae	56413	Orthocladiinae	56479	Limnophyes	NA	NA	NA	NA
DRYAS10171_15	DRYAS17489-15	COI-5P	BOLD: Public Records	BOLD Systems, 2018	Diptera	0.9862	http://www.boldsystems.org/index.php/Public_RecordView?processid=DRYAS17489-15	Canada	62.852	-82.485	20	Arthropoda	82	Insecta	127	Diptera	NA	NA	NA	NA	NA	NA	NA	NA	NA	NA
DRYAS10171_15	SMTPL6922-15	COI-5P	BOLD: Public Records	BOLD Systems, 2018	Limnophyes	0.9805	http://www.boldsystems.org/index.php/Public_RecordView?processid=SMTPL6922-15	Canada	45.045	-64.74	20	Arthropoda	82	Insecta	127	Diptera	1882	Chironomidae	56413	Orthocladiinae	56479	Limnophyes	NA	NA	NA	NA
DRYAS10171_15	SMTPL8964-15	COI-5P	BOLD: Public Records	BOLD Systems, 2018	Limnophyes	0.9799	http://www.boldsystems.org/index.php/Public_RecordView?processid=SMTPL8964-15	Canada	45.669	-65.836	20	Arthropoda	82	Insecta	127	Diptera	1882	Chironomidae	56413	Orthocladiinae	56479	Limnophyes	NA	NA	NA	NA
DRYAS10171_15	SMTPB19239-13	COI-5P	BOLD: Public Records	BOLD Systems, 2018	Limnophyes	0.9796	http://www.boldsystems.org/index.php/Public_RecordView?processid=SMTPB19239-13	Canada	42.893	-79.625	20	Arthropoda	82	Insecta	127	Diptera	1882	Chironomidae	56413	Orthocladiinae	56479	Limnophyes	NA	NA	NA	NA
DRYAS10171_15	JSMAY936-11	COI-5P	BOLD: Public Records	BOLD Systems, 2018	Limnophyes	0.9795	http://www.boldsystems.org/index.php/Public_RecordView?processid=JSMAY936-11	Canada	44.618	-75.775	20	Arthropoda	82	Insecta	127	Diptera	1882	Chironomidae	56413	Orthocladiinae	56479	Limnophyes	NA	NA	NA	NA
DRYAS10171_15	JSSEP221-11	COI-5P	BOLD: Public Records	BOLD Systems, 2018	Limnophyes	0.9795	http://www.boldsystems.org/index.php/Public_RecordView?processid=JSSEP221-11	Canada	44.618	-75.775	20	Arthropoda	82	Insecta	127	Diptera	1882	Chironomidae	56413	Orthocladiinae	56479	Limnophyes	NA	NA	NA	NA
DRYAS10171_15	SMTPI8178-14	COI-5P	BOLD: Public Records	BOLD Systems, 2018	Limnophyes	0.9795	http://www.boldsystems.org/index.php/Public_RecordView?processid=SMTPI8178-14	Canada	46.437	-81.143	20	Arthropoda	82	Insecta	127	Diptera	1882	Chironomidae	56413	Orthocladiinae	56479	Limnophyes	NA	NA	NA	NA
DRYAS10171_15	GMGRH1105-13	COI-5P	BOLD: Public Records	BOLD Systems, 2018	Limnophyes sp. BOLD:ABV1190	0.9792	http://www.boldsystems.org/index.php/Public_RecordView?processid=GMGRH1105-13	Germany	48.951	13.422	20	Arthropoda	82	Insecta	127	Diptera	1882	Chironomidae	56413	Orthocladiinae	56479	Limnophyes	773284	Limnophyes sp. BOLD:ABV1190	NA	NA
DRYAS10171_15	HPPPI589-13	COI-5P	BOLD: Public Records	BOLD Systems, 2018	Limnophyes	0.9792	http://www.boldsystems.org/index.php/Public_RecordView?processid=HPPPI589-13	Canada	44.623	-63.569	20	Arthropoda	82	Insecta	127	Diptera	1882	Chironomidae	56413	Orthocladiinae	56479	Limnophyes	NA	NA	NA	NA
DRYAS10171_15	SMTPL8991-15	COI-5P	BOLD: Public Records	BOLD Systems, 2018	Limnophyes	0.9791	http://www.boldsystems.org/index.php/Public_RecordView?processid=SMTPL8991-15	Canada	45.669	-65.836	20	Arthropoda	82	Insecta	127	Diptera	1882	Chironomidae	56413	Orthocladiinae	56479	Limnophyes	NA	NA	NA	NA
DRYAS10171_15	SMTPL7211-15	COI-5P	BOLD: Public Records	BOLD Systems, 2018	Limnophyes	0.9789	http://www.boldsystems.org/index.php/Public_RecordView?processid=SMTPL7211-15	Canada	45.934	-65.178	20	Arthropoda	82	Insecta	127	Diptera	1882	Chironomidae	56413	Orthocladiinae	56479	Limnophyes	NA	NA	NA	NA
DRYAS10171_15	CNNHA1485-14	COI-5P	BOLD: Public Records	BOLD Systems, 2018	Limnophyes asquamatus	0.9777	http://www.boldsystems.org/index.php/Public_RecordView?processid=CNNHA1485-14	Canada	61.606	-125.758	20	Arthropoda	82	Insecta	127	Diptera	1882	Chironomidae	56413	Orthocladiinae	56479	Limnophyes	68676	Limnophyes asquamatus	NA	NA
DRYAS10171_15	CNNHB1342-14	COI-5P	BOLD: Public Records	BOLD Systems, 2018	Limnophyes asquamatus	0.9777	http://www.boldsystems.org/index.php/Public_RecordView?processid=CNNHB1342-14	Canada	61.606	-125.758	20	Arthropoda	82	Insecta	127	Diptera	1882	Chironomidae	56413	Orthocladiinae	56479	Limnophyes	68676	Limnophyes asquamatus	NA	NA
DRYAS10171_15	CNNHD1462-14	COI-5P	BOLD: Public Records	BOLD Systems, 2018	Limnophyes asquamatus	0.9777	http://www.boldsystems.org/index.php/Public_RecordView?processid=CNNHD1462-14	Canada	61.606	-125.758	20	Arthropoda	82	Insecta	127	Diptera	1882	Chironomidae	56413	Orthocladiinae	56479	Limnophyes	68676	Limnophyes asquamatus	NA	NA
DRYAS10171_15	CNNHE309-14	COI-5P	BOLD: Public Records	BOLD Systems, 2018	Limnophyes asquamatus	0.9777	http://www.boldsystems.org/index.php/Public_RecordView?processid=CNNHE309-14	Canada	61.606	-125.758	20	Arthropoda	82	Insecta	127	Diptera	1882	Chironomidae	56413	Orthocladiinae	56479	Limnophyes	68676	Limnophyes asquamatus	NA	NA
DRYAS10171_15	CNNHE688-14	COI-5P	BOLD: Public Records	BOLD Systems, 2018	Limnophyes asquamatus	0.9777	http://www.boldsystems.org/index.php/Public_RecordView?processid=CNNHE688-14	Canada	61.606	-125.758	20	Arthropoda	82	Insecta	127	Diptera	1882	Chironomidae	56413	Orthocladiinae	56479	Limnophyes	68676	Limnophyes asquamatus	NA	NA
DRYAS10171_15	JSMAY315-11	COI-5P	BOLD: Public Records	BOLD Systems, 2018	Limnophyes	0.9777	http://www.boldsystems.org/index.php/Public_RecordView?processid=JSMAY315-11	Canada	44.618	-75.775	20	Arthropoda	82	Insecta	127	Diptera	1882	Chironomidae	56413	Orthocladiinae	56479	Limnophyes	NA	NA	NA	NA
DRYAS10171_15	SMTPG1746-14	COI-5P	BOLD: Public Records	BOLD Systems, 2018	Limnophyes	0.9777	http://www.boldsystems.org/index.php/Public_RecordView?processid=SMTPG1746-14	Canada	44.3002	-76.424	20	Arthropoda	82	Insecta	127	Diptera	1882	Chironomidae	56413	Orthocladiinae	56479	Limnophyes	NA	NA	NA	NA
DRYAS10171_15	SSEIB10432-13	COI-5P	BOLD: Public Records	BOLD Systems, 2018	Limnophyes asquamatus	0.9777	http://www.boldsystems.org/index.php/Public_RecordView?processid=SSEIB10432-13	Canada	53.567	-112.851	20	Arthropoda	82	Insecta	127	Diptera	1882	Chironomidae	56413	Orthocladiinae	56479	Limnophyes	68676	Limnophyes asquamatus	NA	NA
DRYAS10171_15	SSEIB10640-13	COI-5P	BOLD: Public Records	BOLD Systems, 2018	Limnophyes asquamatus	0.9777	http://www.boldsystems.org/index.php/Public_RecordView?processid=SSEIB10640-13	Canada	53.567	-112.851	20	Arthropoda	82	Insecta	127	Diptera	1882	Chironomidae	56413	Orthocladiinae	56479	Limnophyes	68676	Limnophyes asquamatus	NA	NA
DRYAS10171_15	CNNHB1354-14	COI-5P	BOLD: Public Records	BOLD Systems, 2018	Limnophyes asquamatus	0.9776	http://www.boldsystems.org/index.php/Public_RecordView?processid=CNNHB1354-14	Canada	61.606	-125.758	20	Arthropoda	82	Insecta	127	Diptera	1882	Chironomidae	56413	Orthocladiinae	56479	Limnophyes	68676	Limnophyes asquamatus	NA	NA
DRYAS10171_15	SMTPL6956-15	COI-5P	BOLD: Public Records	BOLD Systems, 2018	Limnophyes	0.9774	http://www.boldsystems.org/index.php/Public_RecordView?processid=SMTPL6956-15	Canada	45.045	-64.74	20	Arthropoda	82	Insecta	127	Diptera	1882	Chironomidae	56413	Orthocladiinae	56479	Limnophyes	NA	NA	NA	NA
DRYAS10171_15	SMTPL7204-15	COI-5P	BOLD: Public Records	BOLD Systems, 2018	Limnophyes	0.9774	http://www.boldsystems.org/index.php/Public_RecordView?processid=SMTPL7204-15	Canada	45.934	-65.178	20	Arthropoda	82	Insecta	127	Diptera	1882	Chironomidae	56413	Orthocladiinae	56479	Limnophyes	NA	NA	NA	NA
DRYAS10171_15	SMTPL8948-15	COI-5P	BOLD: Public Records	BOLD Systems, 2018	Limnophyes	0.9774	http://www.boldsystems.org/index.php/Public_RecordView?processid=SMTPL8948-15	Canada	45.669	-65.836	20	Arthropoda	82	Insecta	127	Diptera	1882	Chironomidae	56413	Orthocladiinae	56479	Limnophyes	NA	NA	NA	NA
DRYAS10171_15	CNNHA462-14	COI-5P	BOLD: Public Records	BOLD Systems, 2018	Limnophyes asquamatus	0.9765	http://www.boldsystems.org/index.php/Public_RecordView?processid=CNNHA462-14	Canada	61.606	-125.758	20	Arthropoda	82	Insecta	127	Diptera	1882	Chironomidae	56413	Orthocladiinae	56479	Limnophyes	68676	Limnophyes asquamatus	NA	NA
DRYAS10171_15	CNNHG353-14	COI-5P	BOLD: Public Records	BOLD Systems, 2018	Limnophyes asquamatus	0.9765	http://www.boldsystems.org/index.php/Public_RecordView?processid=CNNHG353-14	Canada	61.606	-125.758	20	Arthropoda	82	Insecta	127	Diptera	1882	Chironomidae	56413	Orthocladiinae	56479	Limnophyes	68676	Limnophyes asquamatus	NA	NA
DRYAS10171_15	CNNHG745-14	COI-5P	BOLD: Public Records	BOLD Systems, 2018	Limnophyes asquamatus	0.9765	http://www.boldsystems.org/index.php/Public_RecordView?processid=CNNHG745-14	Canada	61.606	-125.758	20	Arthropoda	82	Insecta	127	Diptera	1882	Chironomidae	56413	Orthocladiinae	56479	Limnophyes	68676	Limnophyes asquamatus	NA	NA
DRYAS10171_15	SSEIB6375-13	COI-5P	BOLD: Public Records	BOLD Systems, 2018	Limnophyes asquamatus	0.9765	http://www.boldsystems.org/index.php/Public_RecordView?processid=SSEIB6375-13	Canada	53.567	-112.851	20	Arthropoda	82	Insecta	127	Diptera	1882	Chironomidae	56413	Orthocladiinae	56479	Limnophyes	68676	Limnophyes asquamatus	NA	NA
DRYAS10171_15	CNNHA542-14	COI-5P	BOLD: Public Records	BOLD Systems, 2018	Limnophyes asquamatus	0.9763	http://www.boldsystems.org/index.php/Public_RecordView?processid=CNNHA542-14	Canada	61.606	-125.758	20	Arthropoda	82	Insecta	127	Diptera	1882	Chironomidae	56413	Orthocladiinae	56479	Limnophyes	68676	Limnophyes asquamatus	NA	NA
DRYAS10171_15	CNNHA619-14	COI-5P	BOLD: Public Records	BOLD Systems, 2018	Limnophyes asquamatus	0.9763	http://www.boldsystems.org/index.php/Public_RecordView?processid=CNNHA619-14	Canada	61.606	-125.758	20	Arthropoda	82	Insecta	127	Diptera	1882	Chironomidae	56413	Orthocladiinae	56479	Limnophyes	68676	Limnophyes asquamatus	NA	NA
DRYAS10171_15	CNNHG063-14	COI-5P	BOLD: Public Records	BOLD Systems, 2018	Limnophyes asquamatus	0.9763	http://www.boldsystems.org/index.php/Public_RecordView?processid=CNNHG063-14	Canada	61.606	-125.758	20	Arthropoda	82	Insecta	127	Diptera	1882	Chironomidae	56413	Orthocladiinae	56479	Limnophyes	68676	Limnophyes asquamatus	NA	NA
DRYAS10171_15	CHURC845-09	COI-5P	BOLD: Public Records	BOLD Systems, 2018	Limnophyes asquamatus	0.976	http://www.boldsystems.org/index.php/Public_RecordView?processid=CHURC845-09	Canada	58.754	-93.949	20	Arthropoda	82	Insecta	127	Diptera	1882	Chironomidae	56413	Orthocladiinae	56479	Limnophyes	68676	Limnophyes asquamatus	NA	NA
DRYAS10171_15	CNPAA106-13	COI-5P	BOLD: Public Records	BOLD Systems, 2018	Limnophyes asquamatus	0.976	http://www.boldsystems.org/index.php/Public_RecordView?processid=CNPAA106-13	Canada	53.85	-106.078	20	Arthropoda	82	Insecta	127	Diptera	1882	Chironomidae	56413	Orthocladiinae	56479	Limnophyes	68676	Limnophyes asquamatus	NA	NA
DRYAS10171_15	CNPAA247-13	COI-5P	BOLD: Public Records	BOLD Systems, 2018	Limnophyes asquamatus	0.976	http://www.boldsystems.org/index.php/Public_RecordView?processid=CNPAA247-13	Canada	53.85	-106.078	20	Arthropoda	82	Insecta	127	Diptera	1882	Chironomidae	56413	Orthocladiinae	56479	Limnophyes	68676	Limnophyes asquamatus	NA	NA
DRYAS10171_15	CNPAA327-13	COI-5P	BOLD: Public Records	BOLD Systems, 2018	Limnophyes asquamatus	0.976	http://www.boldsystems.org/index.php/Public_RecordView?processid=CNPAA327-13	Canada	53.85	-106.078	20	Arthropoda	82	Insecta	127	Diptera	1882	Chironomidae	56413	Orthocladiinae	56479	Limnophyes	68676	Limnophyes asquamatus	NA	NA
DRYAS10171_15	CNPAA339-13	COI-5P	BOLD: Public Records	BOLD Systems, 2018	Limnophyes asquamatus	0.976	http://www.boldsystems.org/index.php/Public_RecordView?processid=CNPAA339-13	Canada	53.85	-106.078	20	Arthropoda	82	Insecta	127	Diptera	1882	Chironomidae	56413	Orthocladiinae	56479	Limnophyes	68676	Limnophyes asquamatus	NA	NA
DRYAS10171_15	CNPAD204-13	COI-5P	BOLD: Public Records	BOLD Systems, 2018	Limnophyes asquamatus	0.976	http://www.boldsystems.org/index.php/Public_RecordView?processid=CNPAD204-13	Canada	53.85	-106.078	20	Arthropoda	82	Insecta	127	Diptera	1882	Chironomidae	56413	Orthocladiinae	56479	Limnophyes	68676	Limnophyes asquamatus	NA	NA
DRYAS10171_15	JSMAY546-11	COI-5P	BOLD: Public Records	BOLD Systems, 2018	Limnophyes	0.976	http://www.boldsystems.org/index.php/Public_RecordView?processid=JSMAY546-11	Canada	44.618	-75.775	20	Arthropoda	82	Insecta	127	Diptera	1882	Chironomidae	56413	Orthocladiinae	56479	Limnophyes	NA	NA	NA	NA
DRYAS10171_15	JSMAY549-11	COI-5P	BOLD: Public Records	BOLD Systems, 2018	Limnophyes	0.976	http://www.boldsystems.org/index.php/Public_RecordView?processid=JSMAY549-11	Canada	44.618	-75.775	20	Arthropoda	82	Insecta	127	Diptera	1882	Chironomidae	56413	Orthocladiinae	56479	Limnophyes	NA	NA	NA	NA
DRYAS10171_15	JSSEP281-11	COI-5P	BOLD: Public Records	BOLD Systems, 2018	Limnophyes	0.976	http://www.boldsystems.org/index.php/Public_RecordView?processid=JSSEP281-11	Canada	44.618	-75.775	20	Arthropoda	82	Insecta	127	Diptera	1882	Chironomidae	56413	Orthocladiinae	56479	Limnophyes	NA	NA	NA	NA
DRYAS10171_15	JSSEP479-11	COI-5P	BOLD: Public Records	BOLD Systems, 2018	Limnophyes	0.976	http://www.boldsystems.org/index.php/Public_RecordView?processid=JSSEP479-11	Canada	44.618	-75.775	20	Arthropoda	82	Insecta	127	Diptera	1882	Chironomidae	56413	Orthocladiinae	56479	Limnophyes	NA	NA	NA	NA
DRYAS10171_15	SSEIA5226-13	COI-5P	BOLD: Public Records	BOLD Systems, 2018	Limnophyes asquamatus	0.976	http://www.boldsystems.org/index.php/Public_RecordView?processid=SSEIA5226-13	Canada	53.567	-112.841	20	Arthropoda	82	Insecta	127	Diptera	1882	Chironomidae	56413	Orthocladiinae	56479	Limnophyes	68676	Limnophyes asquamatus	NA	NA
DRYAS10171_15	SSEIA5241-13	COI-5P	BOLD: Public Records	BOLD Systems, 2018	Limnophyes asquamatus	0.976	http://www.boldsystems.org/index.php/Public_RecordView?processid=SSEIA5241-13	Canada	53.567	-112.841	20	Arthropoda	82	Insecta	127	Diptera	1882	Chironomidae	56413	Orthocladiinae	56479	Limnophyes	68676	Limnophyes asquamatus	NA	NA
DRYAS10171_15	SSEIA5563-13	COI-5P	BOLD: Public Records	BOLD Systems, 2018	Limnophyes asquamatus	0.976	http://www.boldsystems.org/index.php/Public_RecordView?processid=SSEIA5563-13	Canada	53.567	-112.841	20	Arthropoda	82	Insecta	127	Diptera	1882	Chironomidae	56413	Orthocladiinae	56479	Limnophyes	68676	Limnophyes asquamatus	NA	NA
DRYAS10171_15	SSEIB1847-13	COI-5P	BOLD: Public Records	BOLD Systems, 2018	Limnophyes asquamatus	0.976	http://www.boldsystems.org/index.php/Public_RecordView?processid=SSEIB1847-13	Canada	53.567	-112.851	20	Arthropoda	82	Insecta	127	Diptera	1882	Chironomidae	56413	Orthocladiinae	56479	Limnophyes	68676	Limnophyes asquamatus	NA	NA
DRYAS10171_15	SSEIB2210-13	COI-5P	BOLD: Public Records	BOLD Systems, 2018	Limnophyes asquamatus	0.976	http://www.boldsystems.org/index.php/Public_RecordView?processid=SSEIB2210-13	Canada	53.567	-112.851	20	Arthropoda	82	Insecta	127	Diptera	1882	Chironomidae	56413	Orthocladiinae	56479	Limnophyes	68676	Limnophyes asquamatus	NA	NA
DRYAS10171_15	SSEIB2261-13	COI-5P	BOLD: Public Records	BOLD Systems, 2018	Limnophyes asquamatus	0.976	http://www.boldsystems.org/index.php/Public_RecordView?processid=SSEIB2261-13	Canada	53.567	-112.851	20	Arthropoda	82	Insecta	127	Diptera	1882	Chironomidae	56413	Orthocladiinae	56479	Limnophyes	68676	Limnophyes asquamatus	NA	NA
DRYAS10171_15	SSEIB2327-13	COI-5P	BOLD: Public Records	BOLD Systems, 2018	Limnophyes asquamatus	0.976	http://www.boldsystems.org/index.php/Public_RecordView?processid=SSEIB2327-13	Canada	53.567	-112.851	20	Arthropoda	82	Insecta	127	Diptera	1882	Chironomidae	56413	Orthocladiinae	56479	Limnophyes	68676	Limnophyes asquamatus	NA	NA
DRYAS10171_15	SSEIB2466-13	COI-5P	BOLD: Public Records	BOLD Systems, 2018	Limnophyes asquamatus	0.976	http://www.boldsystems.org/index.php/Public_RecordView?processid=SSEIB2466-13	Canada	53.567	-112.851	20	Arthropoda	82	Insecta	127	Diptera	1882	Chironomidae	56413	Orthocladiinae	56479	Limnophyes	68676	Limnophyes asquamatus	NA	NA
DRYAS10171_15	SSEIB2510-13	COI-5P	BOLD: Public Records	BOLD Systems, 2018	Limnophyes asquamatus	0.976	http://www.boldsystems.org/index.php/Public_RecordView?processid=SSEIB2510-13	Canada	53.567	-112.851	20	Arthropoda	82	Insecta	127	Diptera	1882	Chironomidae	56413	Orthocladiinae	56479	Limnophyes	68676	Limnophyes asquamatus	NA	NA
DRYAS10171_15	SSEIB2512-13	COI-5P	BOLD: Public Records	BOLD Systems, 2018	Limnophyes asquamatus	0.976	http://www.boldsystems.org/index.php/Public_RecordView?processid=SSEIB2512-13	Canada	53.567	-112.851	20	Arthropoda	82	Insecta	127	Diptera	1882	Chironomidae	56413	Orthocladiinae	56479	Limnophyes	68676	Limnophyes asquamatus	NA	NA
DRYAS10171_15	SSEIB2538-13	COI-5P	BOLD: Public Records	BOLD Systems, 2018	Limnophyes asquamatus	0.976	http://www.boldsystems.org/index.php/Public_RecordView?processid=SSEIB2538-13	Canada	53.567	-112.851	20	Arthropoda	82	Insecta	127	Diptera	1882	Chironomidae	56413	Orthocladiinae	56479	Limnophyes	68676	Limnophyes asquamatus	NA	NA
DRYAS10171_15	SSEIB2753-13	COI-5P	BOLD: Public Records	BOLD Systems, 2018	Limnophyes asquamatus	0.976	http://www.boldsystems.org/index.php/Public_RecordView?processid=SSEIB2753-13	Canada	53.567	-112.851	20	Arthropoda	82	Insecta	127	Diptera	1882	Chironomidae	56413	Orthocladiinae	56479	Limnophyes	68676	Limnophyes asquamatus	NA	NA
DRYAS10171_15	SSEIB2799-13	COI-5P	BOLD: Public Records	BOLD Systems, 2018	Limnophyes asquamatus	0.976	http://www.boldsystems.org/index.php/Public_RecordView?processid=SSEIB2799-13	Canada	53.567	-112.851	20	Arthropoda	82	Insecta	127	Diptera	1882	Chironomidae	56413	Orthocladiinae	56479	Limnophyes	68676	Limnophyes asquamatus	NA	NA
DRYAS10177_15	DRYAS10177-15	COI-5P	BOLD: Public Records	BOLD Systems, 2018	Hydrosmittia oxoniana	1	http://www.boldsystems.org/index.php/Public_RecordView?processid=DRYAS10177-15	Greenland	74.4667	-20.5667	20	Arthropoda	82	Insecta	127	Diptera	1882	Chironomidae	56413	Orthocladiinae	377928	Hydrosmittia	377936	Hydrosmittia oxoniana	NA	NA
DRYAS10177_15	DRYAS8121-15	COI-5P	BOLD: Public Records	BOLD Systems, 2018	Hydrosmittia oxoniana	1	http://www.boldsystems.org/index.php/Public_RecordView?processid=DRYAS8121-15	Greenland	74.4667	-20.5667	20	Arthropoda	82	Insecta	127	Diptera	1882	Chironomidae	56413	Orthocladiinae	377928	Hydrosmittia	377936	Hydrosmittia oxoniana	NA	NA
DRYAS10177_15	DRYAS1759-14	COI-5P	BOLD: Public Records	BOLD Systems, 2018	Hydrosmittia oxoniana	0.9983	http://www.boldsystems.org/index.php/Public_RecordView?processid=DRYAS1759-14	Greenland	74.4667	-20.5667	20	Arthropoda	82	Insecta	127	Diptera	1882	Chironomidae	56413	Orthocladiinae	377928	Hydrosmittia	377936	Hydrosmittia oxoniana	NA	NA
DRYAS10177_15	DRYAS6536-14	COI-5P	BOLD: Public Records	BOLD Systems, 2018	Hydrosmittia oxoniana	0.9983	http://www.boldsystems.org/index.php/Public_RecordView?processid=DRYAS6536-14	Greenland	74.4667	-20.5667	20	Arthropoda	82	Insecta	127	Diptera	1882	Chironomidae	56413	Orthocladiinae	377928	Hydrosmittia	377936	Hydrosmittia oxoniana	NA	NA
DRYAS10177_15	DRYAS7808-15	COI-5P	BOLD: Public Records	BOLD Systems, 2018	Hydrosmittia oxoniana	0.9983	http://www.boldsystems.org/index.php/Public_RecordView?processid=DRYAS7808-15	Greenland	74.4667	-20.5667	20	Arthropoda	82	Insecta	127	Diptera	1882	Chironomidae	56413	Orthocladiinae	377928	Hydrosmittia	377936	Hydrosmittia oxoniana	NA	NA
DRYAS10177_15	DRYAS7893-15	COI-5P	BOLD: Public Records	BOLD Systems, 2018	Hydrosmittia oxoniana	0.9983	http://www.boldsystems.org/index.php/Public_RecordView?processid=DRYAS7893-15	Greenland	74.4667	-20.5667	20	Arthropoda	82	Insecta	127	Diptera	1882	Chironomidae	56413	Orthocladiinae	377928	Hydrosmittia	377936	Hydrosmittia oxoniana	NA	NA
DRYAS10177_15	DRYAS5126-14	COI-5P	BOLD: Public Records	BOLD Systems, 2018	Hydrosmittia oxoniana	0.9982	http://www.boldsystems.org/index.php/Public_RecordView?processid=DRYAS5126-14	Greenland	74.4667	-20.5667	20	Arthropoda	82	Insecta	127	Diptera	1882	Chironomidae	56413	Orthocladiinae	377928	Hydrosmittia	377936	Hydrosmittia oxoniana	NA	NA
DRYAS10177_15	DRYAS8063-15	COI-5P	BOLD: Public Records	BOLD Systems, 2018	Hydrosmittia oxoniana	0.9982	http://www.boldsystems.org/index.php/Public_RecordView?processid=DRYAS8063-15	Greenland	74.4667	-20.5667	20	Arthropoda	82	Insecta	127	Diptera	1882	Chironomidae	56413	Orthocladiinae	377928	Hydrosmittia	377936	Hydrosmittia oxoniana	NA	NA
DRYAS10177_15	CNSRA759-14	COI-5P	BOLD: Public Records	BOLD Systems, 2018	Hydrosmittia oxoniana	0.9965	http://www.boldsystems.org/index.php/Public_RecordView?processid=CNSRA759-14	Canada	72.812	-79.329	20	Arthropoda	82	Insecta	127	Diptera	1882	Chironomidae	56413	Orthocladiinae	377928	Hydrosmittia	377936	Hydrosmittia oxoniana	NA	NA
DRYAS10177_15	CNAUY178-14	COI-5P	BOLD: Public Records	BOLD Systems, 2018	Hydrosmittia oxoniana	0.9915	http://www.boldsystems.org/index.php/Public_RecordView?processid=CNAUY178-14	Canada	66.89	-64.681	20	Arthropoda	82	Insecta	127	Diptera	1882	Chironomidae	56413	Orthocladiinae	377928	Hydrosmittia	377936	Hydrosmittia oxoniana	NA	NA
DRYAS10177_15	CNAUY151-14	COI-5P	BOLD: Public Records	BOLD Systems, 2018	Hydrosmittia oxoniana	0.9913	http://www.boldsystems.org/index.php/Public_RecordView?processid=CNAUY151-14	Canada	66.89	-64.681	20	Arthropoda	82	Insecta	127	Diptera	1882	Chironomidae	56413	Orthocladiinae	377928	Hydrosmittia	377936	Hydrosmittia oxoniana	NA	NA
DRYAS10177_15	ARCHR006-11	COI-5P	BOLD: Public Records	BOLD Systems, 2018	Diptera	0.99	http://www.boldsystems.org/index.php/Public_RecordView?processid=ARCHR006-11	Norway	78.0502	14.0492	20	Arthropoda	82	Insecta	127	Diptera	NA	NA	NA	NA	NA	NA	NA	NA	NA	NA
DRYAS10177_15	CHRSV369-09	COI-5P	BOLD: Public Records	BOLD Systems, 2018	Diptera	0.99	http://www.boldsystems.org/index.php/Public_RecordView?processid=CHRSV369-09	Norway	74.4805	18.8421	20	Arthropoda	82	Insecta	127	Diptera	NA	NA	NA	NA	NA	NA	NA	NA	NA	NA
DRYAS10177_15	CHRSV473-10	COI-5P	BOLD: Public Records	BOLD Systems, 2018	Diptera	0.99	http://www.boldsystems.org/index.php/Public_RecordView?processid=CHRSV473-10	Norway	74.4994	18.9776	20	Arthropoda	82	Insecta	127	Diptera	NA	NA	NA	NA	NA	NA	NA	NA	NA	NA
DRYAS10177_15	MIDGE254-06	COI-5P	BOLD: Public Records	BOLD Systems, 2018	Diptera	0.99	http://www.boldsystems.org/index.php/Public_RecordView?processid=MIDGE254-06	Norway	78.16	15.83	20	Arthropoda	82	Insecta	127	Diptera	NA	NA	NA	NA	NA	NA	NA	NA	NA	NA
DRYAS10177_15	MIDGE255-06	COI-5P	BOLD: Public Records	BOLD Systems, 2018	Diptera	0.99	http://www.boldsystems.org/index.php/Public_RecordView?processid=MIDGE255-06	Norway	78.16	15.83	20	Arthropoda	82	Insecta	127	Diptera	NA	NA	NA	NA	NA	NA	NA	NA	NA	NA
DRYAS10177_15	MIDGE449-07	COI-5P	BOLD: Public Records	BOLD Systems, 2018	Diptera	0.99	http://www.boldsystems.org/index.php/Public_RecordView?processid=MIDGE449-07	Norway	74.384	19.1305	20	Arthropoda	82	Insecta	127	Diptera	NA	NA	NA	NA	NA	NA	NA	NA	NA	NA
DRYAS10177_15	MIDGE453-07	COI-5P	BOLD: Public Records	BOLD Systems, 2018	Diptera	0.99	http://www.boldsystems.org/index.php/Public_RecordView?processid=MIDGE453-07	Norway	74.384	19.1305	20	Arthropoda	82	Insecta	127	Diptera	NA	NA	NA	NA	NA	NA	NA	NA	NA	NA
DRYAS10177_15	CNAUY061-14	COI-5P	BOLD: Public Records	BOLD Systems, 2018	Hydrosmittia oxoniana	0.9898	http://www.boldsystems.org/index.php/Public_RecordView?processid=CNAUY061-14	Canada	66.89	-64.681	20	Arthropoda	82	Insecta	127	Diptera	1882	Chironomidae	56413	Orthocladiinae	377928	Hydrosmittia	377936	Hydrosmittia oxoniana	NA	NA
DRYAS10177_15	DRYAS21078-15	COI-5P	BOLD: Public Records	BOLD Systems, 2018	Diptera	0.9892	http://www.boldsystems.org/index.php/Public_RecordView?processid=DRYAS21078-15	Norway	78.925	11.903	20	Arthropoda	82	Insecta	127	Diptera	NA	NA	NA	NA	NA	NA	NA	NA	NA	NA
DRYAS10177_15	DRYAS11659-15	COI-5P	BOLD: Public Records	BOLD Systems, 2018	Diptera	0.9888	http://www.boldsystems.org/index.php/Public_RecordView?processid=DRYAS11659-15	Norway	78.925	11.903	20	Arthropoda	82	Insecta	127	Diptera	NA	NA	NA	NA	NA	NA	NA	NA	NA	NA
DRYAS10177_15	DARC601-11	COI-5P	BOLD: Public Records	BOLD Systems, 2018	Hydrosmittia oxoniana	0.9884	http://www.boldsystems.org/index.php/Public_RecordView?processid=DARC601-11	Canada	73.157	-79.95	20	Arthropoda	82	Insecta	127	Diptera	1882	Chironomidae	56413	Orthocladiinae	377928	Hydrosmittia	377936	Hydrosmittia oxoniana	NA	NA
DRYAS1021_14	CNBFB307-15	COI-5P	BOLD: Public Records	BOLD Systems, 2018	Chironomidae	1	http://www.boldsystems.org/index.php/Public_RecordView?processid=CNBFB307-15	Canada	51.436	-116.188	20	Arthropoda	82	Insecta	127	Diptera	1882	Chironomidae	NA	NA	NA	NA	NA	NA	NA	NA
DRYAS1021_14	DRYAS1021-14	COI-5P	BOLD: Public Records	BOLD Systems, 2018	Chironomidae	1	http://www.boldsystems.org/index.php/Public_RecordView?processid=DRYAS1021-14	Greenland	74.4667	-20.5667	20	Arthropoda	82	Insecta	127	Diptera	1882	Chironomidae	NA	NA	NA	NA	NA	NA	NA	NA
DRYAS1021_14	DRYAS1218-14	COI-5P	BOLD: Public Records	BOLD Systems, 2018	Chironomidae	1	http://www.boldsystems.org/index.php/Public_RecordView?processid=DRYAS1218-14	Greenland	74.4667	-20.5667	20	Arthropoda	82	Insecta	127	Diptera	1882	Chironomidae	NA	NA	NA	NA	NA	NA	NA	NA
DRYAS1021_14	DRYAS1577-14	COI-5P	BOLD: Public Records	BOLD Systems, 2018	Chironomidae	1	http://www.boldsystems.org/index.php/Public_RecordView?processid=DRYAS1577-14	Greenland	74.4667	-20.5667	20	Arthropoda	82	Insecta	127	Diptera	1882	Chironomidae	NA	NA	NA	NA	NA	NA	NA	NA
DRYAS1021_14	DRYAS1600-14	COI-5P	BOLD: Public Records	BOLD Systems, 2018	Chironomidae	1	http://www.boldsystems.org/index.php/Public_RecordView?processid=DRYAS1600-14	Greenland	74.4667	-20.5667	20	Arthropoda	82	Insecta	127	Diptera	1882	Chironomidae	NA	NA	NA	NA	NA	NA	NA	NA
DRYAS1021_14	DRYAS1787-14	COI-5P	BOLD: Public Records	BOLD Systems, 2018	Chironomidae	1	http://www.boldsystems.org/index.php/Public_RecordView?processid=DRYAS1787-14	Greenland	74.4667	-20.5667	20	Arthropoda	82	Insecta	127	Diptera	1882	Chironomidae	NA	NA	NA	NA	NA	NA	NA	NA
DRYAS1021_14	DRYAS292-14	COI-5P	BOLD: Public Records	BOLD Systems, 2018	Chironomidae	1	http://www.boldsystems.org/index.php/Public_RecordView?processid=DRYAS292-14	Greenland	74.4667	-20.5667	20	Arthropoda	82	Insecta	127	Diptera	1882	Chironomidae	NA	NA	NA	NA	NA	NA	NA	NA
DRYAS1021_14	DRYAS309-14	COI-5P	BOLD: Public Records	BOLD Systems, 2018	Chironomidae	1	http://www.boldsystems.org/index.php/Public_RecordView?processid=DRYAS309-14	Greenland	74.4667	-20.5667	20	Arthropoda	82	Insecta	127	Diptera	1882	Chironomidae	NA	NA	NA	NA	NA	NA	NA	NA
DRYAS1021_14	DRYAS3241-14	COI-5P	BOLD: Public Records	BOLD Systems, 2018	Chironomidae	1	http://www.boldsystems.org/index.php/Public_RecordView?processid=DRYAS3241-14	Greenland	74.4667	-20.5667	20	Arthropoda	82	Insecta	127	Diptera	1882	Chironomidae	NA	NA	NA	NA	NA	NA	NA	NA
DRYAS1021_14	DRYAS3269-14	COI-5P	BOLD: Public Records	BOLD Systems, 2018	Chironomidae	1	http://www.boldsystems.org/index.php/Public_RecordView?processid=DRYAS3269-14	Greenland	74.4667	-20.5667	20	Arthropoda	82	Insecta	127	Diptera	1882	Chironomidae	NA	NA	NA	NA	NA	NA	NA	NA
DRYAS1021_14	DRYAS345-14	COI-5P	BOLD: Public Records	BOLD Systems, 2018	Chironomidae	1	http://www.boldsystems.org/index.php/Public_RecordView?processid=DRYAS345-14	Greenland	74.4667	-20.5667	20	Arthropoda	82	Insecta	127	Diptera	1882	Chironomidae	NA	NA	NA	NA	NA	NA	NA	NA
DRYAS1021_14	DRYAS3455-14	COI-5P	BOLD: Public Records	BOLD Systems, 2018	Chironomidae	1	http://www.boldsystems.org/index.php/Public_RecordView?processid=DRYAS3455-14	Greenland	74.4667	-20.5667	20	Arthropoda	82	Insecta	127	Diptera	1882	Chironomidae	NA	NA	NA	NA	NA	NA	NA	NA
DRYAS1021_14	DRYAS3464-14	COI-5P	BOLD: Public Records	BOLD Systems, 2018	Chironomidae	1	http://www.boldsystems.org/index.php/Public_RecordView?processid=DRYAS3464-14	Greenland	74.4667	-20.5667	20	Arthropoda	82	Insecta	127	Diptera	1882	Chironomidae	NA	NA	NA	NA	NA	NA	NA	NA
DRYAS1021_14	DRYAS3473-14	COI-5P	BOLD: Public Records	BOLD Systems, 2018	Chironomidae	1	http://www.boldsystems.org/index.php/Public_RecordView?processid=DRYAS3473-14	Greenland	74.4667	-20.5667	20	Arthropoda	82	Insecta	127	Diptera	1882	Chironomidae	NA	NA	NA	NA	NA	NA	NA	NA
DRYAS1021_14	DRYAS357-14	COI-5P	BOLD: Public Records	BOLD Systems, 2018	Chironomidae	1	http://www.boldsystems.org/index.php/Public_RecordView?processid=DRYAS357-14	Greenland	74.4667	-20.5667	20	Arthropoda	82	Insecta	127	Diptera	1882	Chironomidae	NA	NA	NA	NA	NA	NA	NA	NA
DRYAS1021_14	DRYAS372-14	COI-5P	BOLD: Public Records	BOLD Systems, 2018	Chironomidae	1	http://www.boldsystems.org/index.php/Public_RecordView?processid=DRYAS372-14	Greenland	74.4667	-20.5667	20	Arthropoda	82	Insecta	127	Diptera	1882	Chironomidae	NA	NA	NA	NA	NA	NA	NA	NA
DRYAS1021_14	DRYAS4854-14	COI-5P	BOLD: Public Records	BOLD Systems, 2018	Chironomidae	1	http://www.boldsystems.org/index.php/Public_RecordView?processid=DRYAS4854-14	Greenland	74.4667	-20.5667	20	Arthropoda	82	Insecta	127	Diptera	1882	Chironomidae	NA	NA	NA	NA	NA	NA	NA	NA
DRYAS1021_14	DRYAS991-14	COI-5P	BOLD: Public Records	BOLD Systems, 2018	Chironomidae	0.9927	http://www.boldsystems.org/index.php/Public_RecordView?processid=DRYAS991-14	Greenland	74.4667	-20.5667	20	Arthropoda	82	Insecta	127	Diptera	1882	Chironomidae	NA	NA	NA	NA	NA	NA	NA	NA
DRYAS1247_14	DRYAS1239-14	COI-5P	BOLD: Public Records	BOLD Systems, 2018	Zaphne	1	http://www.boldsystems.org/index.php/Public_RecordView?processid=DRYAS1239-14	Greenland	74.4667	-20.5667	20	Arthropoda	82	Insecta	127	Diptera	27987	Anthomyiidae	237151	Anthomyiinae	168880	Zaphne	NA	NA	NA	NA
DRYAS1247_14	DRYAS740-14	COI-5P	BOLD: Public Records	BOLD Systems, 2018	Zaphne	1	http://www.boldsystems.org/index.php/Public_RecordView?processid=DRYAS740-14	Greenland	74.4667	-20.5667	20	Arthropoda	82	Insecta	127	Diptera	27987	Anthomyiidae	237151	Anthomyiinae	168880	Zaphne	NA	NA	NA	NA
DRYAS1247_14	DRYAS909-14	COI-5P	BOLD: Public Records	BOLD Systems, 2018	Zaphne	1	http://www.boldsystems.org/index.php/Public_RecordView?processid=DRYAS909-14	Greenland	74.4667	-20.5667	20	Arthropoda	82	Insecta	127	Diptera	27987	Anthomyiidae	237151	Anthomyiinae	168880	Zaphne	NA	NA	NA	NA
DRYAS1247_14	GMGLA011-13	COI-5P	BOLD: Public Records	BOLD Systems, 2018	Zaphne frontata	1	http://www.boldsystems.org/index.php/Public_RecordView?processid=GMGLA011-13	Greenland	74.467	-20.567	20	Arthropoda	82	Insecta	127	Diptera	27987	Anthomyiidae	237151	Anthomyiinae	168880	Zaphne	365785	Zaphne frontata	NA	NA
DRYAS1247_14	GMGLE006-13	COI-5P	BOLD: Public Records	BOLD Systems, 2018	Zaphne frontata	1	http://www.boldsystems.org/index.php/Public_RecordView?processid=GMGLE006-13	Greenland	74.467	-20.567	20	Arthropoda	82	Insecta	127	Diptera	27987	Anthomyiidae	237151	Anthomyiinae	168880	Zaphne	365785	Zaphne frontata	NA	NA
DRYAS1247_14	GMGLJ001-13	COI-5P	BOLD: Public Records	BOLD Systems, 2018	Zaphne frontata	1	http://www.boldsystems.org/index.php/Public_RecordView?processid=GMGLJ001-13	Greenland	74.467	-20.567	20	Arthropoda	82	Insecta	127	Diptera	27987	Anthomyiidae	237151	Anthomyiinae	168880	Zaphne	365785	Zaphne frontata	NA	NA
DRYAS1247_14	GMGLQ106-13	COI-5P	BOLD: Public Records	BOLD Systems, 2018	Zaphne frontata	1	http://www.boldsystems.org/index.php/Public_RecordView?processid=GMGLQ106-13	Greenland	74.467	-20.567	20	Arthropoda	82	Insecta	127	Diptera	27987	Anthomyiidae	237151	Anthomyiinae	168880	Zaphne	365785	Zaphne frontata	NA	NA
DRYAS1247_14	GMGNE136-14	COI-5P	BOLD: Public Records	BOLD Systems, 2018	Zaphne frontata	1	http://www.boldsystems.org/index.php/Public_RecordView?processid=GMGNE136-14	Greenland	74.469	-20.574	20	Arthropoda	82	Insecta	127	Diptera	27987	Anthomyiidae	237151	Anthomyiinae	168880	Zaphne	365785	Zaphne frontata	NA	NA
DRYAS1247_14	GMGNF364-14	COI-5P	BOLD: Public Records	BOLD Systems, 2018	Zaphne frontata	1	http://www.boldsystems.org/index.php/Public_RecordView?processid=GMGNF364-14	Greenland	74.469	-20.574	20	Arthropoda	82	Insecta	127	Diptera	27987	Anthomyiidae	237151	Anthomyiinae	168880	Zaphne	365785	Zaphne frontata	NA	NA
DRYAS1247_14	GRAFW1222-12	COI-5P	BOLD: Public Records	BOLD Systems, 2018	Zaphne tundrica	1	http://www.boldsystems.org/index.php/Public_RecordView?processid=GRAFW1222-12	Greenland	74.4667	-20.567	20	Arthropoda	82	Insecta	127	Diptera	27987	Anthomyiidae	237151	Anthomyiinae	168880	Zaphne	365786	Zaphne tundrica	NA	NA
DRYAS1247_14	ZERO021-11	COI-5P	BOLD: Public Records	BOLD Systems, 2018	Zaphne tundrica	1	http://www.boldsystems.org/index.php/Public_RecordView?processid=ZERO021-11	Greenland	74.47	-20.576	20	Arthropoda	82	Insecta	127	Diptera	27987	Anthomyiidae	237151	Anthomyiinae	168880	Zaphne	365786	Zaphne tundrica	NA	NA
DRYAS1247_14	ZERO022-11	COI-5P	BOLD: Public Records	BOLD Systems, 2018	Zaphne tundrica	1	http://www.boldsystems.org/index.php/Public_RecordView?processid=ZERO022-11	Greenland	74.47	-20.576	20	Arthropoda	82	Insecta	127	Diptera	27987	Anthomyiidae	237151	Anthomyiinae	168880	Zaphne	365786	Zaphne tundrica	NA	NA
DRYAS1247_14	ZERO276-11	COI-5P	BOLD: Public Records	BOLD Systems, 2018	Zaphne tundrica	1	http://www.boldsystems.org/index.php/Public_RecordView?processid=ZERO276-11	Greenland	74.47	-20.576	20	Arthropoda	82	Insecta	127	Diptera	27987	Anthomyiidae	237151	Anthomyiinae	168880	Zaphne	365786	Zaphne tundrica	NA	NA
DRYAS1247_14	DARC416-11	COI-5P	BOLD: Public Records	BOLD Systems, 2018	Zaphne	0.9981	http://www.boldsystems.org/index.php/Public_RecordView?processid=DARC416-11	Canada	73.149	-79.95	20	Arthropoda	82	Insecta	127	Diptera	27987	Anthomyiidae	237151	Anthomyiinae	168880	Zaphne	NA	NA	NA	NA
DRYAS1247_14	GMGLP015-13	COI-5P	BOLD: Public Records	BOLD Systems, 2018	Zaphne frontata	0.9981	http://www.boldsystems.org/index.php/Public_RecordView?processid=GMGLP015-13	Greenland	74.467	-20.567	20	Arthropoda	82	Insecta	127	Diptera	27987	Anthomyiidae	237151	Anthomyiinae	168880	Zaphne	365785	Zaphne frontata	NA	NA
DRYAS1247_14	GRAFW1223-12	COI-5P	BOLD: Public Records	BOLD Systems, 2018	Zaphne tundrica	0.9981	http://www.boldsystems.org/index.php/Public_RecordView?processid=GRAFW1223-12	Greenland	74.4667	-20.567	20	Arthropoda	82	Insecta	127	Diptera	27987	Anthomyiidae	237151	Anthomyiinae	168880	Zaphne	365786	Zaphne tundrica	NA	NA
DRYAS1247_14	JWDCG479-10	COI-5P	BOLD: Public Records	BOLD Systems, 2018	Zaphne tundrica	0.9981	http://www.boldsystems.org/index.php/Public_RecordView?processid=JWDCG479-10	Canada	58.731	-93.78	20	Arthropoda	82	Insecta	127	Diptera	27987	Anthomyiidae	237151	Anthomyiinae	168880	Zaphne	365786	Zaphne tundrica	NA	NA
DRYAS1247_14	CNWAE7629-14	COI-5P	BOLD: Public Records	BOLD Systems, 2018	Zaphne	0.9962	http://www.boldsystems.org/index.php/Public_RecordView?processid=CNWAE7629-14	Canada	58.723	-93.46	20	Arthropoda	82	Insecta	127	Diptera	27987	Anthomyiidae	237151	Anthomyiinae	168880	Zaphne	NA	NA	NA	NA
DRYAS1247_14	JWDCG348-10	COI-5P	BOLD: Public Records	BOLD Systems, 2018	Zaphne tundrica	0.9962	http://www.boldsystems.org/index.php/Public_RecordView?processid=JWDCG348-10	Canada	58.7306	-93.7804	20	Arthropoda	82	Insecta	127	Diptera	27987	Anthomyiidae	237151	Anthomyiinae	168880	Zaphne	365786	Zaphne tundrica	NA	NA
DRYAS1247_14	JWDCG349-10	COI-5P	BOLD: Public Records	BOLD Systems, 2018	Zaphne tundrica	0.9962	http://www.boldsystems.org/index.php/Public_RecordView?processid=JWDCG349-10	Canada	58.7306	-93.7804	20	Arthropoda	82	Insecta	127	Diptera	27987	Anthomyiidae	237151	Anthomyiinae	168880	Zaphne	365786	Zaphne tundrica	NA	NA
DRYAS1247_14	JWDCG376-10	COI-5P	BOLD: Public Records	BOLD Systems, 2018	Zaphne tundrica	0.9962	http://www.boldsystems.org/index.php/Public_RecordView?processid=JWDCG376-10	Canada	58.7306	-93.7804	20	Arthropoda	82	Insecta	127	Diptera	27987	Anthomyiidae	237151	Anthomyiinae	168880	Zaphne	365786	Zaphne tundrica	NA	NA
DRYAS1247_14	JWDCG379-10	COI-5P	BOLD: Public Records	BOLD Systems, 2018	Zaphne tundrica	0.9962	http://www.boldsystems.org/index.php/Public_RecordView?processid=JWDCG379-10	Canada	58.7306	-93.7804	20	Arthropoda	82	Insecta	127	Diptera	27987	Anthomyiidae	237151	Anthomyiinae	168880	Zaphne	365786	Zaphne tundrica	NA	NA
DRYAS1247_14	JWDCG426-10	COI-5P	BOLD: Public Records	BOLD Systems, 2018	Zaphne tundrica	0.9962	http://www.boldsystems.org/index.php/Public_RecordView?processid=JWDCG426-10	Canada	58.7541	-93.9974	20	Arthropoda	82	Insecta	127	Diptera	27987	Anthomyiidae	237151	Anthomyiinae	168880	Zaphne	365786	Zaphne tundrica	NA	NA
DRYAS1247_14	JWDCG570-10	COI-5P	BOLD: Public Records	BOLD Systems, 2018	Zaphne tundrica	0.9962	http://www.boldsystems.org/index.php/Public_RecordView?processid=JWDCG570-10	Canada	58.6332	-93.7871	20	Arthropoda	82	Insecta	127	Diptera	27987	Anthomyiidae	237151	Anthomyiinae	168880	Zaphne	365786	Zaphne tundrica	NA	NA
DRYAS1247_14	JWDCH099-10	COI-5P	BOLD: Public Records	BOLD Systems, 2018	Zaphne tundrica	0.9962	http://www.boldsystems.org/index.php/Public_RecordView?processid=JWDCH099-10	Canada	58.7306	-93.7804	20	Arthropoda	82	Insecta	127	Diptera	27987	Anthomyiidae	237151	Anthomyiinae	168880	Zaphne	365786	Zaphne tundrica	NA	NA
DRYAS1247_14	JWDCI513-10	COI-5P	BOLD: Public Records	BOLD Systems, 2018	Zaphne tundrica	0.9962	http://www.boldsystems.org/index.php/Public_RecordView?processid=JWDCI513-10	Canada	58.7541	-93.9974	20	Arthropoda	82	Insecta	127	Diptera	27987	Anthomyiidae	237151	Anthomyiinae	168880	Zaphne	365786	Zaphne tundrica	NA	NA
DRYAS1247_14	JWDCL063-11	COI-5P	BOLD: Public Records	BOLD Systems, 2018	Zaphne tundrica	0.9962	http://www.boldsystems.org/index.php/Public_RecordView?processid=JWDCL063-11	Canada	58.7541	-93.9974	20	Arthropoda	82	Insecta	127	Diptera	27987	Anthomyiidae	237151	Anthomyiinae	168880	Zaphne	365786	Zaphne tundrica	NA	NA
DRYAS1247_14	MHFLI190-06	COI-5P	BOLD: Public Records	BOLD Systems, 2018	Zaphne tundrica	0.9962	http://www.boldsystems.org/index.php/Public_RecordView?processid=MHFLI190-06	Canada	58.75	-93.9	20	Arthropoda	82	Insecta	127	Diptera	27987	Anthomyiidae	237151	Anthomyiinae	168880	Zaphne	365786	Zaphne tundrica	NA	NA
DRYAS1247_14	MHFLI253-06	COI-5P	BOLD: Public Records	BOLD Systems, 2018	Zaphne tundrica	0.9962	http://www.boldsystems.org/index.php/Public_RecordView?processid=MHFLI253-06	Canada	58.738	-93.819	20	Arthropoda	82	Insecta	127	Diptera	27987	Anthomyiidae	237151	Anthomyiinae	168880	Zaphne	365786	Zaphne tundrica	NA	NA
DRYAS1247_14	DRYAS12490-15	COI-5P	BOLD: Public Records	BOLD Systems, 2018	Diptera	0.9925	http://www.boldsystems.org/index.php/Public_RecordView?processid=DRYAS12490-15	Finland	69.083	20.81	20	Arthropoda	82	Insecta	127	Diptera	NA	NA	NA	NA	NA	NA	NA	NA	NA	NA
DRYAS1247_14	GRAFW1221-12	COI-5P	BOLD: Public Records	BOLD Systems, 2018	Zaphne tundrica	0.9925	http://www.boldsystems.org/index.php/Public_RecordView?processid=GRAFW1221-12	Greenland	74.4667	-20.567	20	Arthropoda	82	Insecta	127	Diptera	27987	Anthomyiidae	237151	Anthomyiinae	168880	Zaphne	365786	Zaphne tundrica	NA	NA
DRYAS1247_14	JWDCH359-10	COI-5P	BOLD: Public Records	BOLD Systems, 2018	Zaphne gymnura	0.9925	http://www.boldsystems.org/index.php/Public_RecordView?processid=JWDCH359-10	Canada	58.7541	-93.9974	20	Arthropoda	82	Insecta	127	Diptera	27987	Anthomyiidae	237151	Anthomyiinae	168880	Zaphne	511988	Zaphne gymnura	NA	NA
DRYAS1247_14	JWDCI097-10	COI-5P	BOLD: Public Records	BOLD Systems, 2018	Zaphne gymnura	0.9925	http://www.boldsystems.org/index.php/Public_RecordView?processid=JWDCI097-10	Canada	58.731	-93.78	20	Arthropoda	82	Insecta	127	Diptera	27987	Anthomyiidae	237151	Anthomyiinae	168880	Zaphne	511988	Zaphne gymnura	NA	NA
DRYAS1247_14	MHFLY368-09	COI-5P	BOLD: Public Records	BOLD Systems, 2018	Zaphne gymnura	0.9925	http://www.boldsystems.org/index.php/Public_RecordView?processid=MHFLY368-09	Canada	58.74	-93.82	20	Arthropoda	82	Insecta	127	Diptera	27987	Anthomyiidae	237151	Anthomyiinae	168880	Zaphne	511988	Zaphne gymnura	NA	NA
DRYAS1247_14	JWDCC101-10	COI-5P	BOLD: Public Records	BOLD Systems, 2018	Zaphne gymnura	0.9906	http://www.boldsystems.org/index.php/Public_RecordView?processid=JWDCC101-10	Canada	58.7306	-93.7804	20	Arthropoda	82	Insecta	127	Diptera	27987	Anthomyiidae	237151	Anthomyiinae	168880	Zaphne	511988	Zaphne gymnura	NA	NA
DRYAS1247_14	JWDCG005-10	COI-5P	BOLD: Public Records	BOLD Systems, 2018	Zaphne gymnura	0.9906	http://www.boldsystems.org/index.php/Public_RecordView?processid=JWDCG005-10	Canada	58.7541	-93.9974	20	Arthropoda	82	Insecta	127	Diptera	27987	Anthomyiidae	237151	Anthomyiinae	168880	Zaphne	511988	Zaphne gymnura	NA	NA
DRYAS1247_14	JWDCG038-10	COI-5P	BOLD: Public Records	BOLD Systems, 2018	Zaphne gymnura	0.9906	http://www.boldsystems.org/index.php/Public_RecordView?processid=JWDCG038-10	Canada	58.6332	-93.7871	20	Arthropoda	82	Insecta	127	Diptera	27987	Anthomyiidae	237151	Anthomyiinae	168880	Zaphne	511988	Zaphne gymnura	NA	NA
DRYAS1247_14	JWDCG423-10	COI-5P	BOLD: Public Records	BOLD Systems, 2018	Zaphne gymnura	0.9906	http://www.boldsystems.org/index.php/Public_RecordView?processid=JWDCG423-10	Canada	58.754	-93.997	20	Arthropoda	82	Insecta	127	Diptera	27987	Anthomyiidae	237151	Anthomyiinae	168880	Zaphne	511988	Zaphne gymnura	NA	NA
DRYAS1247_14	JWDCG424-10	COI-5P	BOLD: Public Records	BOLD Systems, 2018	Zaphne gymnura	0.9906	http://www.boldsystems.org/index.php/Public_RecordView?processid=JWDCG424-10	Canada	58.7541	-93.9974	20	Arthropoda	82	Insecta	127	Diptera	27987	Anthomyiidae	237151	Anthomyiinae	168880	Zaphne	511988	Zaphne gymnura	NA	NA
DRYAS1247_14	JWDCG480-10	COI-5P	BOLD: Public Records	BOLD Systems, 2018	Zaphne	0.9906	http://www.boldsystems.org/index.php/Public_RecordView?processid=JWDCG480-10	Canada	58.731	-93.78	20	Arthropoda	82	Insecta	127	Diptera	27987	Anthomyiidae	237151	Anthomyiinae	168880	Zaphne	NA	NA	NA	NA
DRYAS1247_14	JWDCG681-10	COI-5P	BOLD: Public Records	BOLD Systems, 2018	Zaphne gymnura	0.9906	http://www.boldsystems.org/index.php/Public_RecordView?processid=JWDCG681-10	Canada	58.7541	-93.9974	20	Arthropoda	82	Insecta	127	Diptera	27987	Anthomyiidae	237151	Anthomyiinae	168880	Zaphne	511988	Zaphne gymnura	NA	NA
DRYAS1247_14	JWDCH038-10	COI-5P	BOLD: Public Records	BOLD Systems, 2018	Zaphne gymnura	0.9906	http://www.boldsystems.org/index.php/Public_RecordView?processid=JWDCH038-10	Canada	58.633	-93.787	20	Arthropoda	82	Insecta	127	Diptera	27987	Anthomyiidae	237151	Anthomyiinae	168880	Zaphne	511988	Zaphne gymnura	NA	NA
DRYAS1247_14	JWDCH551-10	COI-5P	BOLD: Public Records	BOLD Systems, 2018	Zaphne gymnura	0.9906	http://www.boldsystems.org/index.php/Public_RecordView?processid=JWDCH551-10	Canada	58.633	-93.787	20	Arthropoda	82	Insecta	127	Diptera	27987	Anthomyiidae	237151	Anthomyiinae	168880	Zaphne	511988	Zaphne gymnura	NA	NA
DRYAS1247_14	JWDCI551-10	COI-5P	BOLD: Public Records	BOLD Systems, 2018	Zaphne gymnura	0.9906	http://www.boldsystems.org/index.php/Public_RecordView?processid=JWDCI551-10	Canada	58.6332	-93.7871	20	Arthropoda	82	Insecta	127	Diptera	27987	Anthomyiidae	237151	Anthomyiinae	168880	Zaphne	511988	Zaphne gymnura	NA	NA
DRYAS1247_14	JWDCJ512-11	COI-5P	BOLD: Public Records	BOLD Systems, 2018	Zaphne gymnura	0.9906	http://www.boldsystems.org/index.php/Public_RecordView?processid=JWDCJ512-11	Canada	58.676	-94.144	20	Arthropoda	82	Insecta	127	Diptera	27987	Anthomyiidae	237151	Anthomyiinae	168880	Zaphne	511988	Zaphne gymnura	NA	NA
DRYAS1247_14	MHFLI194-06	COI-5P	BOLD: Public Records	BOLD Systems, 2018	Zaphne gymnura	0.9906	http://www.boldsystems.org/index.php/Public_RecordView?processid=MHFLI194-06	Canada	58.75	-93.9	20	Arthropoda	82	Insecta	127	Diptera	27987	Anthomyiidae	237151	Anthomyiinae	168880	Zaphne	511988	Zaphne gymnura	NA	NA
DRYAS1247_14	MHFLI196-06	COI-5P	BOLD: Public Records	BOLD Systems, 2018	Zaphne gymnura	0.9906	http://www.boldsystems.org/index.php/Public_RecordView?processid=MHFLI196-06	Canada	58.75	-93.9	20	Arthropoda	82	Insecta	127	Diptera	27987	Anthomyiidae	237151	Anthomyiinae	168880	Zaphne	511988	Zaphne gymnura	NA	NA
DRYAS1247_14	MHFLI197-06	COI-5P	BOLD: Public Records	BOLD Systems, 2018	Zaphne gymnura	0.9906	http://www.boldsystems.org/index.php/Public_RecordView?processid=MHFLI197-06	Canada	58.75	-93.9	20	Arthropoda	82	Insecta	127	Diptera	27987	Anthomyiidae	237151	Anthomyiinae	168880	Zaphne	511988	Zaphne gymnura	NA	NA
DRYAS1247_14	MHFLI200-06	COI-5P	BOLD: Public Records	BOLD Systems, 2018	Zaphne gymnura	0.9906	http://www.boldsystems.org/index.php/Public_RecordView?processid=MHFLI200-06	Canada	58.75	-93.9	20	Arthropoda	82	Insecta	127	Diptera	27987	Anthomyiidae	237151	Anthomyiinae	168880	Zaphne	511988	Zaphne gymnura	NA	NA
DRYAS1247_14	MHFLI201-06	COI-5P	BOLD: Public Records	BOLD Systems, 2018	Zaphne gymnura	0.9906	http://www.boldsystems.org/index.php/Public_RecordView?processid=MHFLI201-06	Canada	58.75	-93.9	20	Arthropoda	82	Insecta	127	Diptera	27987	Anthomyiidae	237151	Anthomyiinae	168880	Zaphne	511988	Zaphne gymnura	NA	NA
DRYAS1247_14	MHFLI202-06	COI-5P	BOLD: Public Records	BOLD Systems, 2018	Zaphne gymnura	0.9906	http://www.boldsystems.org/index.php/Public_RecordView?processid=MHFLI202-06	Canada	58.75	-93.9	20	Arthropoda	82	Insecta	127	Diptera	27987	Anthomyiidae	237151	Anthomyiinae	168880	Zaphne	511988	Zaphne gymnura	NA	NA
DRYAS1247_14	MHFLI204-06	COI-5P	BOLD: Public Records	BOLD Systems, 2018	Zaphne gymnura	0.9906	http://www.boldsystems.org/index.php/Public_RecordView?processid=MHFLI204-06	Canada	58.75	-93.9	20	Arthropoda	82	Insecta	127	Diptera	27987	Anthomyiidae	237151	Anthomyiinae	168880	Zaphne	511988	Zaphne gymnura	NA	NA
DRYAS1247_14	MHFLI207-06	COI-5P	BOLD: Public Records	BOLD Systems, 2018	Zaphne gymnura	0.9906	http://www.boldsystems.org/index.php/Public_RecordView?processid=MHFLI207-06	Canada	58.75	-93.9	20	Arthropoda	82	Insecta	127	Diptera	27987	Anthomyiidae	237151	Anthomyiinae	168880	Zaphne	511988	Zaphne gymnura	NA	NA
DRYAS1247_14	MHFLI208-06	COI-5P	BOLD: Public Records	BOLD Systems, 2018	Zaphne gymnura	0.9906	http://www.boldsystems.org/index.php/Public_RecordView?processid=MHFLI208-06	Canada	58.75	-93.9	20	Arthropoda	82	Insecta	127	Diptera	27987	Anthomyiidae	237151	Anthomyiinae	168880	Zaphne	511988	Zaphne gymnura	NA	NA
DRYAS1247_14	MHFLI210-06	COI-5P	BOLD: Public Records	BOLD Systems, 2018	Zaphne gymnura	0.9906	http://www.boldsystems.org/index.php/Public_RecordView?processid=MHFLI210-06	Canada	58.75	-93.9	20	Arthropoda	82	Insecta	127	Diptera	27987	Anthomyiidae	237151	Anthomyiinae	168880	Zaphne	511988	Zaphne gymnura	NA	NA
DRYAS1247_14	MHFLI263-06	COI-5P	BOLD: Public Records	BOLD Systems, 2018	Zaphne gymnura	0.9906	http://www.boldsystems.org/index.php/Public_RecordView?processid=MHFLI263-06	Canada	58.738	-93.819	20	Arthropoda	82	Insecta	127	Diptera	27987	Anthomyiidae	237151	Anthomyiinae	168880	Zaphne	511988	Zaphne gymnura	NA	NA
DRYAS1247_14	MHFLI274-06	COI-5P	BOLD: Public Records	BOLD Systems, 2018	Zaphne gymnura	0.9906	http://www.boldsystems.org/index.php/Public_RecordView?processid=MHFLI274-06	Canada	58.75	-93.9	20	Arthropoda	82	Insecta	127	Diptera	27987	Anthomyiidae	237151	Anthomyiinae	168880	Zaphne	511988	Zaphne gymnura	NA	NA
DRYAS1247_14	MHFLI912-09	COI-5P	BOLD: Public Records	BOLD Systems, 2018	Zaphne gymnura	0.9906	http://www.boldsystems.org/index.php/Public_RecordView?processid=MHFLI912-09	Canada	58.738	-93.819	20	Arthropoda	82	Insecta	127	Diptera	27987	Anthomyiidae	237151	Anthomyiinae	168880	Zaphne	511988	Zaphne gymnura	NA	NA
DRYAS1247_14	MHFLY019-06	COI-5P	BOLD: Public Records	BOLD Systems, 2018	Zaphne gymnura	0.9906	http://www.boldsystems.org/index.php/Public_RecordView?processid=MHFLY019-06	Canada	58.74	-93.82	20	Arthropoda	82	Insecta	127	Diptera	27987	Anthomyiidae	237151	Anthomyiinae	168880	Zaphne	511988	Zaphne gymnura	NA	NA
DRYAS1247_14	MHFLY378-09	COI-5P	BOLD: Public Records	BOLD Systems, 2018	Zaphne gymnura	0.9906	http://www.boldsystems.org/index.php/Public_RecordView?processid=MHFLY378-09	Canada	58.74	-93.82	20	Arthropoda	82	Insecta	127	Diptera	27987	Anthomyiidae	237151	Anthomyiinae	168880	Zaphne	511988	Zaphne gymnura	NA	NA
DRYAS1247_14	SAPIT164-08	COI-5P	BOLD: Public Records	BOLD Systems, 2018	Diptera	0.9906	http://www.boldsystems.org/index.php/Public_RecordView?processid=SAPIT164-08	Canada	58.73	-93.8	20	Arthropoda	82	Insecta	127	Diptera	NA	NA	NA	NA	NA	NA	NA	NA	NA	NA
DRYAS1247_14	CNTGD333-15	COI-5P	BOLD: Public Records	BOLD Systems, 2018	Zaphne	0.9905	http://www.boldsystems.org/index.php/Public_RecordView?processid=CNTGD333-15	Canada	58.451	-62.798	20	Arthropoda	82	Insecta	127	Diptera	27987	Anthomyiidae	237151	Anthomyiinae	168880	Zaphne	NA	NA	NA	NA
DRYAS1247_14	CNWAA720-14	COI-5P	BOLD: Public Records	BOLD Systems, 2018	Zaphne	0.9901	http://www.boldsystems.org/index.php/Public_RecordView?processid=CNWAA720-14	Canada	58.723	-93.46	20	Arthropoda	82	Insecta	127	Diptera	27987	Anthomyiidae	237151	Anthomyiinae	168880	Zaphne	NA	NA	NA	NA
DRYAS1247_14	JWDCH548-10	COI-5P	BOLD: Public Records	BOLD Systems, 2018	Zaphne gymnura	0.9887	http://www.boldsystems.org/index.php/Public_RecordView?processid=JWDCH548-10	Canada	58.633	-93.787	20	Arthropoda	82	Insecta	127	Diptera	27987	Anthomyiidae	237151	Anthomyiinae	168880	Zaphne	511988	Zaphne gymnura	NA	NA
DRYAS1247_14	JWDCH986-10	COI-5P	BOLD: Public Records	BOLD Systems, 2018	Zaphne gymnura	0.9887	http://www.boldsystems.org/index.php/Public_RecordView?processid=JWDCH986-10	Canada	58.6332	-93.7871	20	Arthropoda	82	Insecta	127	Diptera	27987	Anthomyiidae	237151	Anthomyiinae	168880	Zaphne	511988	Zaphne gymnura	NA	NA
DRYAS1247_14	MHFLI252-06	COI-5P	BOLD: Public Records	BOLD Systems, 2018	Zaphne gymnura	0.9887	http://www.boldsystems.org/index.php/Public_RecordView?processid=MHFLI252-06	Canada	58.738	-93.819	20	Arthropoda	82	Insecta	127	Diptera	27987	Anthomyiidae	237151	Anthomyiinae	168880	Zaphne	511988	Zaphne gymnura	NA	NA
DRYAS1247_14	DRYAS1247-14	COI-5P	BOLD: Public Records	BOLD Systems, 2018	Zaphne	0.9868	http://www.boldsystems.org/index.php/Public_RecordView?processid=DRYAS1247-14	Greenland	74.4667	-20.5667	20	Arthropoda	82	Insecta	127	Diptera	27987	Anthomyiidae	237151	Anthomyiinae	168880	Zaphne	NA	NA	NA	NA
DRYAS1247_14	SVDIP030-12	COI-5P	BOLD: Public Records	BOLD Systems, 2018	Diptera	0.9868	http://www.boldsystems.org/index.php/Public_RecordView?processid=SVDIP030-12	Norway	70.925	-8.713	20	Arthropoda	82	Insecta	127	Diptera	NA	NA	NA	NA	NA	NA	NA	NA	NA	NA
DRYAS1247_14	SVDIP033-12	COI-5P	BOLD: Public Records	BOLD Systems, 2018	Diptera	0.9868	http://www.boldsystems.org/index.php/Public_RecordView?processid=SVDIP033-12	Norway	70.92	-8.72	20	Arthropoda	82	Insecta	127	Diptera	NA	NA	NA	NA	NA	NA	NA	NA	NA	NA
DRYAS1247_14	FIDIP2408-12	COI-5P	BOLD: Public Records	BOLD Systems, 2018	Diptera	0.9849	http://www.boldsystems.org/index.php/Public_RecordView?processid=FIDIP2408-12	Finland	69.04	20.819	20	Arthropoda	82	Insecta	127	Diptera	NA	NA	NA	NA	NA	NA	NA	NA	NA	NA
DRYAS1247_14	CNTGE079-15	COI-5P	BOLD: Public Records	BOLD Systems, 2018	Zaphne	0.9848	http://www.boldsystems.org/index.php/Public_RecordView?processid=CNTGE079-15	Canada	58.451	-62.798	20	Arthropoda	82	Insecta	127	Diptera	27987	Anthomyiidae	237151	Anthomyiinae	168880	Zaphne	NA	NA	NA	NA
DRYAS1247_14	DRYAS4864-14	COI-5P	BOLD: Public Records	BOLD Systems, 2018	Zaphne	0.9841	http://www.boldsystems.org/index.php/Public_RecordView?processid=DRYAS4864-14	Greenland	74.4667	-20.5667	20	Arthropoda	82	Insecta	127	Diptera	27987	Anthomyiidae	237151	Anthomyiinae	168880	Zaphne	NA	NA	NA	NA
DRYAS1247_14	GMGLZ073-14	COI-5P	BOLD: Public Records	BOLD Systems, 2018	Zaphne frontata	0.9839	http://www.boldsystems.org/index.php/Public_RecordView?processid=GMGLZ073-14	Greenland	74.469	-20.574	20	Arthropoda	82	Insecta	127	Diptera	27987	Anthomyiidae	237151	Anthomyiinae	168880	Zaphne	365785	Zaphne frontata	NA	NA
DRYAS1247_14	DRYAS1305-14	COI-5P	BOLD: Public Records	BOLD Systems, 2018	Zaphne	0.9837	http://www.boldsystems.org/index.php/Public_RecordView?processid=DRYAS1305-14	Greenland	74.4667	-20.5667	20	Arthropoda	82	Insecta	127	Diptera	27987	Anthomyiidae	237151	Anthomyiinae	168880	Zaphne	NA	NA	NA	NA
DRYAS1247_14	GMGLA212-13	COI-5P	BOLD: Public Records	BOLD Systems, 2018	Zaphne frontata	0.9837	http://www.boldsystems.org/index.php/Public_RecordView?processid=GMGLA212-13	Greenland	74.467	-20.567	20	Arthropoda	82	Insecta	127	Diptera	27987	Anthomyiidae	237151	Anthomyiinae	168880	Zaphne	365785	Zaphne frontata	NA	NA
DRYAS1247_14	DRYAS6233-14	COI-5P	BOLD: Public Records	BOLD Systems, 2018	Zaphne	0.9834	http://www.boldsystems.org/index.php/Public_RecordView?processid=DRYAS6233-14	Greenland	74.4667	-20.5667	20	Arthropoda	82	Insecta	127	Diptera	27987	Anthomyiidae	237151	Anthomyiinae	168880	Zaphne	NA	NA	NA	NA
DRYAS1247_14	CNTGA198-15	COI-5P	BOLD: Public Records	BOLD Systems, 2018	Zaphne	0.9831	http://www.boldsystems.org/index.php/Public_RecordView?processid=CNTGA198-15	Canada	58.45	-62.8	20	Arthropoda	82	Insecta	127	Diptera	27987	Anthomyiidae	237151	Anthomyiinae	168880	Zaphne	NA	NA	NA	NA
DRYAS1247_14	CNTGB031-15	COI-5P	BOLD: Public Records	BOLD Systems, 2018	Zaphne	0.9831	http://www.boldsystems.org/index.php/Public_RecordView?processid=CNTGB031-15	Canada	58.45	-62.8	20	Arthropoda	82	Insecta	127	Diptera	27987	Anthomyiidae	237151	Anthomyiinae	168880	Zaphne	NA	NA	NA	NA
DRYAS1247_14	CNTGB032-15	COI-5P	BOLD: Public Records	BOLD Systems, 2018	Zaphne	0.9831	http://www.boldsystems.org/index.php/Public_RecordView?processid=CNTGB032-15	Canada	58.45	-62.8	20	Arthropoda	82	Insecta	127	Diptera	27987	Anthomyiidae	237151	Anthomyiinae	168880	Zaphne	NA	NA	NA	NA
DRYAS1247_14	CNTGC224-15	COI-5P	BOLD: Public Records	BOLD Systems, 2018	Zaphne	0.9831	http://www.boldsystems.org/index.php/Public_RecordView?processid=CNTGC224-15	Canada	58.45	-62.8	20	Arthropoda	82	Insecta	127	Diptera	27987	Anthomyiidae	237151	Anthomyiinae	168880	Zaphne	NA	NA	NA	NA
DRYAS1247_14	CNTGC246-15	COI-5P	BOLD: Public Records	BOLD Systems, 2018	Zaphne	0.9831	http://www.boldsystems.org/index.php/Public_RecordView?processid=CNTGC246-15	Canada	58.45	-62.8	20	Arthropoda	82	Insecta	127	Diptera	27987	Anthomyiidae	237151	Anthomyiinae	168880	Zaphne	NA	NA	NA	NA
DRYAS1247_14	DWSDW023-13	COI-5P	BOLD: Public Records	BOLD Systems, 2018	Diptera	0.9831	http://www.boldsystems.org/index.php/Public_RecordView?processid=DWSDW023-13	Norway	78.2088	15.5889	20	Arthropoda	82	Insecta	127	Diptera	NA	NA	NA	NA	NA	NA	NA	NA	NA	NA
DRYAS1247_14	GMGLA002-13	COI-5P	BOLD: Public Records	BOLD Systems, 2018	Zaphne frontata	0.9831	http://www.boldsystems.org/index.php/Public_RecordView?processid=GMGLA002-13	Greenland	74.467	-20.567	20	Arthropoda	82	Insecta	127	Diptera	27987	Anthomyiidae	237151	Anthomyiinae	168880	Zaphne	365785	Zaphne frontata	NA	NA
DRYAS1247_14	GMGLA003-13	COI-5P	BOLD: Public Records	BOLD Systems, 2018	Zaphne frontata	0.9831	http://www.boldsystems.org/index.php/Public_RecordView?processid=GMGLA003-13	Greenland	74.467	-20.567	20	Arthropoda	82	Insecta	127	Diptera	27987	Anthomyiidae	237151	Anthomyiinae	168880	Zaphne	365785	Zaphne frontata	NA	NA
DRYAS1247_14	GMGLA006-13	COI-5P	BOLD: Public Records	BOLD Systems, 2018	Zaphne frontata	0.9831	http://www.boldsystems.org/index.php/Public_RecordView?processid=GMGLA006-13	Greenland	74.467	-20.567	20	Arthropoda	82	Insecta	127	Diptera	27987	Anthomyiidae	237151	Anthomyiinae	168880	Zaphne	365785	Zaphne frontata	NA	NA
DRYAS1247_14	GRAFW1212-12	COI-5P	BOLD: Public Records	BOLD Systems, 2018	Zaphne frontata	0.9831	http://www.boldsystems.org/index.php/Public_RecordView?processid=GRAFW1212-12	Greenland	74.4667	-20.567	20	Arthropoda	82	Insecta	127	Diptera	27987	Anthomyiidae	237151	Anthomyiinae	168880	Zaphne	365785	Zaphne frontata	NA	NA
DRYAS1247_14	GRAFW1213-12	COI-5P	BOLD: Public Records	BOLD Systems, 2018	Zaphne frontata	0.9831	http://www.boldsystems.org/index.php/Public_RecordView?processid=GRAFW1213-12	Greenland	74.4667	-20.567	20	Arthropoda	82	Insecta	127	Diptera	27987	Anthomyiidae	237151	Anthomyiinae	168880	Zaphne	365785	Zaphne frontata	NA	NA
DRYAS1247_14	GRAFW1214-12	COI-5P	BOLD: Public Records	BOLD Systems, 2018	Zaphne frontata	0.9831	http://www.boldsystems.org/index.php/Public_RecordView?processid=GRAFW1214-12	Greenland	74.4667	-20.567	20	Arthropoda	82	Insecta	127	Diptera	27987	Anthomyiidae	237151	Anthomyiinae	168880	Zaphne	365785	Zaphne frontata	NA	NA
DRYAS1247_14	GRAFW1215-12	COI-5P	BOLD: Public Records	BOLD Systems, 2018	Zaphne frontata	0.9831	http://www.boldsystems.org/index.php/Public_RecordView?processid=GRAFW1215-12	Greenland	74.4667	-20.567	20	Arthropoda	82	Insecta	127	Diptera	27987	Anthomyiidae	237151	Anthomyiinae	168880	Zaphne	365785	Zaphne frontata	NA	NA
DRYAS1247_14	ZERO261-11	COI-5P	BOLD: Public Records	BOLD Systems, 2018	Zaphne frontata	0.9831	http://www.boldsystems.org/index.php/Public_RecordView?processid=ZERO261-11	Greenland	74.47	-20.576	20	Arthropoda	82	Insecta	127	Diptera	27987	Anthomyiidae	237151	Anthomyiinae	168880	Zaphne	365785	Zaphne frontata	NA	NA
DRYAS1247_14	ZERO269-11	COI-5P	BOLD: Public Records	BOLD Systems, 2018	Zaphne frontata	0.9831	http://www.boldsystems.org/index.php/Public_RecordView?processid=ZERO269-11	Greenland	74.47	-20.576	20	Arthropoda	82	Insecta	127	Diptera	27987	Anthomyiidae	237151	Anthomyiinae	168880	Zaphne	365785	Zaphne frontata	NA	NA
DRYAS1247_14	ZMUCG086-12	COI-5P	BOLD: Public Records	BOLD Systems, 2018	Zaphne frontata	0.9831	http://www.boldsystems.org/index.php/Public_RecordView?processid=ZMUCG086-12	Greenland	NA	NA	20	Arthropoda	82	Insecta	127	Diptera	27987	Anthomyiidae	237151	Anthomyiinae	168880	Zaphne	365785	Zaphne frontata	NA	NA
DRYAS1247_14	ZMUCG087-12	COI-5P	BOLD: Public Records	BOLD Systems, 2018	Zaphne frontata	0.9831	http://www.boldsystems.org/index.php/Public_RecordView?processid=ZMUCG087-12	Greenland	NA	NA	20	Arthropoda	82	Insecta	127	Diptera	27987	Anthomyiidae	237151	Anthomyiinae	168880	Zaphne	365785	Zaphne frontata	NA	NA
DRYAS1529_14	DRYAS1529-14	COI-5P	BOLD: Public Records	BOLD Systems, 2018	Exechia micans	1	http://www.boldsystems.org/index.php/Public_RecordView?processid=DRYAS1529-14	Greenland	74.4667	-20.5667	20	Arthropoda	82	Insecta	127	Diptera	168441	Mycetophilidae	210863	Mycetophilinae	168471	Exechia	479156	Exechia micans	766714	Exechiini
DRYAS1529_14	DRYAS3260-14	COI-5P	BOLD: Public Records	BOLD Systems, 2018	Exechia micans	1	http://www.boldsystems.org/index.php/Public_RecordView?processid=DRYAS3260-14	Greenland	74.4667	-20.5667	20	Arthropoda	82	Insecta	127	Diptera	168441	Mycetophilidae	210863	Mycetophilinae	168471	Exechia	479156	Exechia micans	766714	Exechiini
DRYAS1529_14	DRYAS3430-14	COI-5P	BOLD: Public Records	BOLD Systems, 2018	Exechia micans	1	http://www.boldsystems.org/index.php/Public_RecordView?processid=DRYAS3430-14	Greenland	74.4667	-20.5667	20	Arthropoda	82	Insecta	127	Diptera	168441	Mycetophilidae	210863	Mycetophilinae	168471	Exechia	479156	Exechia micans	766714	Exechiini
DRYAS1529_14	DRYAS3852-14	COI-5P	BOLD: Public Records	BOLD Systems, 2018	Exechia micans	1	http://www.boldsystems.org/index.php/Public_RecordView?processid=DRYAS3852-14	Greenland	74.4667	-20.5667	20	Arthropoda	82	Insecta	127	Diptera	168441	Mycetophilidae	210863	Mycetophilinae	168471	Exechia	479156	Exechia micans	766714	Exechiini
DRYAS1529_14	DRYAS5462-14	COI-5P	BOLD: Public Records	BOLD Systems, 2018	Exechia micans	1	http://www.boldsystems.org/index.php/Public_RecordView?processid=DRYAS5462-14	Greenland	74.4667	-20.5667	20	Arthropoda	82	Insecta	127	Diptera	168441	Mycetophilidae	210863	Mycetophilinae	168471	Exechia	479156	Exechia micans	766714	Exechiini
DRYAS1529_14	DRYAS1054-14	COI-5P	BOLD: Public Records	BOLD Systems, 2018	Exechia micans	0.9983	http://www.boldsystems.org/index.php/Public_RecordView?processid=DRYAS1054-14	Greenland	74.4667	-20.5667	20	Arthropoda	82	Insecta	127	Diptera	168441	Mycetophilidae	210863	Mycetophilinae	168471	Exechia	479156	Exechia micans	766714	Exechiini
DRYAS1529_14	DRYAS295-14	COI-5P	BOLD: Public Records	BOLD Systems, 2018	Exechia micans	0.9983	http://www.boldsystems.org/index.php/Public_RecordView?processid=DRYAS295-14	Greenland	74.4667	-20.5667	20	Arthropoda	82	Insecta	127	Diptera	168441	Mycetophilidae	210863	Mycetophilinae	168471	Exechia	479156	Exechia micans	766714	Exechiini
DRYAS1529_14	CNBAC480-12	COI-5P	BOLD: Public Records	BOLD Systems, 2018	Exechia micans	0.9966	http://www.boldsystems.org/index.php/Public_RecordView?processid=CNBAC480-12	Canada	51.209	-115.51	20	Arthropoda	82	Insecta	127	Diptera	168441	Mycetophilidae	210863	Mycetophilinae	168471	Exechia	479156	Exechia micans	766714	Exechiini
DRYAS1529_14	CNJAB595-12	COI-5P	BOLD: Public Records	BOLD Systems, 2018	Exechia micans	0.9966	http://www.boldsystems.org/index.php/Public_RecordView?processid=CNJAB595-12	Canada	52.867	-118.077	20	Arthropoda	82	Insecta	127	Diptera	168441	Mycetophilidae	210863	Mycetophilinae	168471	Exechia	479156	Exechia micans	766714	Exechiini
DRYAS1529_14	JWDCE622-10	COI-5P	BOLD: Public Records	BOLD Systems, 2018	Exechia micans	0.9964	http://www.boldsystems.org/index.php/Public_RecordView?processid=JWDCE622-10	Canada	58.704	-94.052	20	Arthropoda	82	Insecta	127	Diptera	168441	Mycetophilidae	210863	Mycetophilinae	168471	Exechia	479156	Exechia micans	766714	Exechiini
DRYAS1529_14	SSBRA3196-14	COI-5P	BOLD: Public Records	BOLD Systems, 2018	Exechia micans	0.9964	http://www.boldsystems.org/index.php/Public_RecordView?processid=SSBRA3196-14	Canada	46.746	-60.817	20	Arthropoda	82	Insecta	127	Diptera	168441	Mycetophilidae	210863	Mycetophilinae	168471	Exechia	479156	Exechia micans	766714	Exechiini
DRYAS1529_14	SSJAE3851-13	COI-5P	BOLD: Public Records	BOLD Systems, 2018	Exechia micans	0.9964	http://www.boldsystems.org/index.php/Public_RecordView?processid=SSJAE3851-13	Canada	53.193	-117.954	20	Arthropoda	82	Insecta	127	Diptera	168441	Mycetophilidae	210863	Mycetophilinae	168471	Exechia	479156	Exechia micans	766714	Exechiini
DRYAS1529_14	CHDIP844-12	COI-5P	BOLD: Public Records	BOLD Systems, 2018	Exechia micans	0.9949	http://www.boldsystems.org/index.php/Public_RecordView?processid=CHDIP844-12	Canada	58.676	-94.144	20	Arthropoda	82	Insecta	127	Diptera	168441	Mycetophilidae	210863	Mycetophilinae	168471	Exechia	479156	Exechia micans	766714	Exechiini
DRYAS1529_14	CNJAB619-12	COI-5P	BOLD: Public Records	BOLD Systems, 2018	Exechia micans	0.9949	http://www.boldsystems.org/index.php/Public_RecordView?processid=CNJAB619-12	Canada	52.867	-118.077	20	Arthropoda	82	Insecta	127	Diptera	168441	Mycetophilidae	210863	Mycetophilinae	168471	Exechia	479156	Exechia micans	766714	Exechiini
DRYAS1529_14	CNJAJ237-12	COI-5P	BOLD: Public Records	BOLD Systems, 2018	Exechia micans	0.9949	http://www.boldsystems.org/index.php/Public_RecordView?processid=CNJAJ237-12	Canada	52.867	-118.077	20	Arthropoda	82	Insecta	127	Diptera	168441	Mycetophilidae	210863	Mycetophilinae	168471	Exechia	479156	Exechia micans	766714	Exechiini
DRYAS1529_14	JWDCE019-10	COI-5P	BOLD: Public Records	BOLD Systems, 2018	Exechia micans	0.9949	http://www.boldsystems.org/index.php/Public_RecordView?processid=JWDCE019-10	Canada	58.6761	-94.1442	20	Arthropoda	82	Insecta	127	Diptera	168441	Mycetophilidae	210863	Mycetophilinae	168471	Exechia	479156	Exechia micans	766714	Exechiini
DRYAS1529_14	JWDCJ065-11	COI-5P	BOLD: Public Records	BOLD Systems, 2018	Exechia micans	0.9949	http://www.boldsystems.org/index.php/Public_RecordView?processid=JWDCJ065-11	Canada	58.7306	-93.7804	20	Arthropoda	82	Insecta	127	Diptera	168441	Mycetophilidae	210863	Mycetophilinae	168471	Exechia	479156	Exechia micans	766714	Exechiini
DRYAS1529_14	JWDCJ423-11	COI-5P	BOLD: Public Records	BOLD Systems, 2018	Exechia micans	0.9949	http://www.boldsystems.org/index.php/Public_RecordView?processid=JWDCJ423-11	Canada	58.731	-93.78	20	Arthropoda	82	Insecta	127	Diptera	168441	Mycetophilidae	210863	Mycetophilinae	168471	Exechia	479156	Exechia micans	766714	Exechiini
DRYAS1529_14	SSBAA986-12	COI-5P	BOLD: Public Records	BOLD Systems, 2018	Exechia micans	0.9949	http://www.boldsystems.org/index.php/Public_RecordView?processid=SSBAA986-12	Canada	51.282	-115.944	20	Arthropoda	82	Insecta	127	Diptera	168441	Mycetophilidae	210863	Mycetophilinae	168471	Exechia	479156	Exechia micans	766714	Exechiini
DRYAS1529_14	CNBFI045-15	COI-5P	BOLD: Public Records	BOLD Systems, 2018	Exechia micans	0.9948	http://www.boldsystems.org/index.php/Public_RecordView?processid=CNBFI045-15	Canada	51.436	-116.188	20	Arthropoda	82	Insecta	127	Diptera	168441	Mycetophilidae	210863	Mycetophilinae	168471	Exechia	479156	Exechia micans	766714	Exechiini
DRYAS1529_14	CNIVE050-14	COI-5P	BOLD: Public Records	BOLD Systems, 2018	Exechia micans	0.9948	http://www.boldsystems.org/index.php/Public_RecordView?processid=CNIVE050-14	Canada	69.162	-140.155	20	Arthropoda	82	Insecta	127	Diptera	168441	Mycetophilidae	210863	Mycetophilinae	168471	Exechia	479156	Exechia micans	766714	Exechiini
DRYAS1529_14	SSGBC1613-14	COI-5P	BOLD: Public Records	BOLD Systems, 2018	Exechia micans	0.9945	http://www.boldsystems.org/index.php/Public_RecordView?processid=SSGBC1613-14	Canada	49.477	-57.97	20	Arthropoda	82	Insecta	127	Diptera	168441	Mycetophilidae	210863	Mycetophilinae	168471	Exechia	479156	Exechia micans	766714	Exechiini
DRYAS1529_14	CNIVH255-14	COI-5P	BOLD: Public Records	BOLD Systems, 2018	Exechia micans	0.9942	http://www.boldsystems.org/index.php/Public_RecordView?processid=CNIVH255-14	Canada	69.162	-140.155	20	Arthropoda	82	Insecta	127	Diptera	168441	Mycetophilidae	210863	Mycetophilinae	168471	Exechia	479156	Exechia micans	766714	Exechiini
DRYAS1529_14	CNIVF099-14	COI-5P	BOLD: Public Records	BOLD Systems, 2018	Exechia micans	0.993	http://www.boldsystems.org/index.php/Public_RecordView?processid=CNIVF099-14	Canada	69.162	-140.155	20	Arthropoda	82	Insecta	127	Diptera	168441	Mycetophilidae	210863	Mycetophilinae	168471	Exechia	479156	Exechia micans	766714	Exechiini
DRYAS1529_14	SSBAF5649-13	COI-5P	BOLD: Public Records	BOLD Systems, 2018	Exechia micans	0.9927	http://www.boldsystems.org/index.php/Public_RecordView?processid=SSBAF5649-13	Canada	51.407	-116.154	20	Arthropoda	82	Insecta	127	Diptera	168441	Mycetophilidae	210863	Mycetophilinae	168471	Exechia	479156	Exechia micans	766714	Exechiini
DRYAS1529_14	SSKUA215-15	COI-5P	BOLD: Public Records	BOLD Systems, 2018	Exechia micans	0.9927	http://www.boldsystems.org/index.php/Public_RecordView?processid=SSKUA215-15	Canada	60.714	-137.434	20	Arthropoda	82	Insecta	127	Diptera	168441	Mycetophilidae	210863	Mycetophilinae	168471	Exechia	479156	Exechia micans	766714	Exechiini
DRYAS1529_14	CNJAJ071-12	COI-5P	BOLD: Public Records	BOLD Systems, 2018	Exechia micans	0.9915	http://www.boldsystems.org/index.php/Public_RecordView?processid=CNJAJ071-12	Canada	52.867	-118.077	20	Arthropoda	82	Insecta	127	Diptera	168441	Mycetophilidae	210863	Mycetophilinae	168471	Exechia	479156	Exechia micans	766714	Exechiini
DRYAS1529_14	CNMIC1348-14	COI-5P	BOLD: Public Records	BOLD Systems, 2018	Exechia micans	0.9915	http://www.boldsystems.org/index.php/Public_RecordView?processid=CNMIC1348-14	Canada	50.2135	-63.7979	20	Arthropoda	82	Insecta	127	Diptera	168441	Mycetophilidae	210863	Mycetophilinae	168471	Exechia	479156	Exechia micans	766714	Exechiini
DRYAS1529_14	JWDCE385-10	COI-5P	BOLD: Public Records	BOLD Systems, 2018	Exechia micans	0.9915	http://www.boldsystems.org/index.php/Public_RecordView?processid=JWDCE385-10	Canada	58.769	-93.929	20	Arthropoda	82	Insecta	127	Diptera	168441	Mycetophilidae	210863	Mycetophilinae	168471	Exechia	479156	Exechia micans	766714	Exechiini
DRYAS1529_14	SSJAB307-13	COI-5P	BOLD: Public Records	BOLD Systems, 2018	Exechia micans	0.9915	http://www.boldsystems.org/index.php/Public_RecordView?processid=SSJAB307-13	Canada	53.192	-117.956	20	Arthropoda	82	Insecta	127	Diptera	168441	Mycetophilidae	210863	Mycetophilinae	168471	Exechia	479156	Exechia micans	766714	Exechiini
DRYAS1529_14	SSJAE7679-13	COI-5P	BOLD: Public Records	BOLD Systems, 2018	Exechia micans	0.9892	http://www.boldsystems.org/index.php/Public_RecordView?processid=SSJAE7679-13	Canada	53.193	-117.954	20	Arthropoda	82	Insecta	127	Diptera	168441	Mycetophilidae	210863	Mycetophilinae	168471	Exechia	479156	Exechia micans	766714	Exechiini
DRYAS1529_14	SSJAE7548-13	COI-5P	BOLD: Public Records	BOLD Systems, 2018	Exechia micans	0.9891	http://www.boldsystems.org/index.php/Public_RecordView?processid=SSJAE7548-13	Canada	53.193	-117.954	20	Arthropoda	82	Insecta	127	Diptera	168441	Mycetophilidae	210863	Mycetophilinae	168471	Exechia	479156	Exechia micans	766714	Exechiini
